url,image_url,name,category
https://www.diffordsguide.com/beer-wine-spirits/139/abbotts-bitters,https://cdn.diffords.com/contrib/bws/2017/10/59db80df23292.jpg,Abbott's Bitters,"Category: Spirits
Sub category: Bitters & tinctures etc.
alc./vol: 50"
https://www.diffordsguide.com/beer-wine-spirits/2705/diffords-margarita-bitters,https://cdn.diffords.com/contrib/bws/2018/11/5bfd036275800.jpg,Difford's Margarita Bitters,"Category: Spirits
Sub category: Bitters & tinctures etc.
alc./vol: 33.5"
https://www.diffordsguide.com/beer-wine-spirits/3134/diffords-daiquiri-bitters,https://cdn.diffords.com/contrib/bws/2018/11/5bfd02ddae3f4.jpg,Difford's Daiquiri Bitters,"Category: Spirits
Sub category: Bitters & tinctures etc.
alc./vol: 35"
https://www.diffordsguide.com/beer-wine-spirits/3877/fee-brothers-gin-barrel-aged-orange-bitters,https://cdn.diffords.com/contrib/bws/2024/02/65ddcf231be34.jpeg,Fee Brothers Gin Barrel Aged Orange Bitters,"Category: Spirits
Sub category: Bitters & tinctures etc.
alc./vol: 9"
https://www.diffordsguide.com/beer-wine-spirits/5740/bobs-lavender-bitters,https://cdn.diffords.com/contrib/bws/2021/05/60b4ebe532eb1.jpg,Bob's Lavender Bitters,"Category: Spirits
Sub category: Bitters & tinctures etc.
alc./vol: 33.2"
https://www.diffordsguide.com/beer-wine-spirits/5742/bobs-liquorice-bitters,https://cdn.diffords.com/contrib/bws/2021/05/60b500f288f07.jpg,Bob's Liquorice bitters,"Category: Spirits
Sub category: Bitters & tinctures etc.
alc./vol: 30"
https://www.diffordsguide.com/beer-wine-spirits/5743/bobs-abbotts-bitters,https://cdn.diffords.com/contrib/bws/2021/05/60b4eda9d985a.jpg,Bob's Abbotts Bitters,"Category: Spirits
Sub category: Bitters & tinctures etc.
alc./vol: 40"
https://www.diffordsguide.com/beer-wine-spirits/5745/bobs-ginger-bitters,https://cdn.diffords.com/contrib/bws/2021/05/60b4f74763af3.jpg,Bob's Ginger Bitters,"Category: Spirits
Sub category: Bitters & tinctures etc.
alc./vol: 35"
https://www.diffordsguide.com/beer-wine-spirits/6253/the-bitter-truth-bogarts-bitters,https://cdn.diffords.com/contrib/bws/2019/04/5cab643148d8e.jpg,The Bitter Truth Bogart's Bitters,"Category: Spirits
Sub category: Bitters & tinctures etc.
alc./vol: 42.1"
https://www.diffordsguide.com/beer-wine-spirits/6686/bobs-vanilla-bitters,https://cdn.diffords.com/contrib/bws/2021/05/60b5054eb2ef4.jpg,Bob's Vanilla Bitters,"Category: Spirits
Sub category: Bitters & tinctures etc.
alc./vol: 33.4"
https://www.diffordsguide.com/beer-wine-spirits/6968/bobs-peppermint-bitters,https://cdn.diffords.com/contrib/bws/2021/05/60b4e8a8c8edb.jpg,Bob's Peppermint Bitters,"Category: Spirits
Sub category: Bitters & tinctures etc.
alc./vol: 35"
https://www.diffordsguide.com/beer-wine-spirits/7019/d-r-harris-and-co-the-original-pick-me-up-bitters,https://cdn.diffords.com/contrib/bws/2021/05/609b8409624ac.jpg,D. R. Harris & Co. The Original Pick-Me-Up Bitters,"Category: Spirits
Sub category: Bitters & tinctures etc.
alc./vol: 34"
https://www.diffordsguide.com/beer-wine-spirits/7036/bobs-coriander-bitters,https://cdn.diffords.com/contrib/bws/2021/05/60b4f384cee63.jpg,Bob's Coriander Bitters,"Category: Spirits
Sub category: Bitters & tinctures etc.
alc./vol: 34.8"
https://www.diffordsguide.com/beer-wine-spirits/7054/bobs-orange-and-mandarin-bitters,https://cdn.diffords.com/contrib/bws/2021/05/60b4ba9b42718.jpg,Bob's Orange & Mandarin Bitters,"Category: Spirits
Sub category: Bitters & tinctures etc.
alc./vol: 35"
https://www.diffordsguide.com/beer-wine-spirits/145/angostura-aromatic-bitters,https://cdn.diffords.com/contrib/bws/2019/03/5c878a9d1942d.jpg,Angostura Aromatic Bitters,"Category: Spirits
Sub category: Bitters & tinctures etc.
alc./vol: 44.7"
https://www.diffordsguide.com/beer-wine-spirits/315/mozart-chocolate-bitters,https://cdn.diffords.com/contrib/bws/2017/10/59db81dad4123.jpg,Mozart Chocolate Bitters,"Category: Spirits
Sub category: Bitters & tinctures etc.
alc./vol: 40"
https://www.diffordsguide.com/beer-wine-spirits/678/bobs-chocolate-bitters,https://cdn.diffords.com/contrib/bws/2021/05/60b4f1dd40f65.jpg,Bob's Chocolate Bitters,"Category: Spirits
Sub category: Bitters & tinctures etc.
alc./vol: 35"
https://www.diffordsguide.com/beer-wine-spirits/2788/dale-degroffs-pimento-aromatic-bitters,https://cdn.diffords.com/contrib/bws/2017/10/59db8e63a8cc1.jpg,Dale DeGroff's Pimento Aromatic Bitters,"Category: Spirits
Sub category: Bitters & tinctures etc.
alc./vol: 45"
https://www.diffordsguide.com/beer-wine-spirits/4457/reyka-bitters,https://cdn.diffords.com/contrib/bws/2017/10/59db9687c4a2b.jpg,Reyka Bitters,"Category: Spirits
Sub category: Bitters & tinctures etc.
alc./vol: 40"
https://www.diffordsguide.com/beer-wine-spirits/4561/regans-orange-bitters-no6,https://cdn.diffords.com/contrib/bws/2021/03/6043bda1484b7.jpg,Regans' Orange Bitters No.6,"Category: Spirits
Sub category: Bitters & tinctures etc.
alc./vol: 45"
https://www.diffordsguide.com/beer-wine-spirits/5134/suze-orange-bitters,https://cdn.diffords.com/contrib/bws/2017/10/59db9a1b2d9cb.jpg,Suze Orange Bitters,"Category: Spirits
Sub category: Bitters & tinctures etc.
alc./vol: 45"
https://www.diffordsguide.com/beer-wine-spirits/5185/jameson-wild-sloe-berry-bitters,https://cdn.diffords.com/contrib/bws/2017/10/59db9a6b055fd.jpg,Jameson Wild Sloe Berry Bitters,"Category: Spirits
Sub category: Bitters & tinctures etc.
alc./vol: 46"
https://www.diffordsguide.com/beer-wine-spirits/5744/bobs-cardamom-bitters,https://cdn.diffords.com/contrib/bws/2021/05/60b4efe5e1967.jpg,Bob's Cardamom Bitters,"Category: Spirits
Sub category: Bitters & tinctures etc.
alc./vol: 33.3"
https://www.diffordsguide.com/beer-wine-spirits/6166/electric-bitter,https://cdn.diffords.com/contrib/bws/2018/03/5aa290b03cb72.jpg,Electric Bitter,"Category: Spirits
Sub category: Bitters & tinctures etc.
alc./vol: 60"
https://www.diffordsguide.com/beer-wine-spirits/6239/the-bitter-truth-roots-drops-and-dashes,https://cdn.diffords.com/contrib/bws/2019/04/5cab64bf0c095.jpg,The Bitter Truth Roots Drops and Dashes,"Category: Spirits
Sub category: Bitters & tinctures etc.
alc./vol: 42"
https://www.diffordsguide.com/beer-wine-spirits/6242/the-bitter-truth-nut-drops-and-dashes,https://cdn.diffords.com/contrib/bws/2019/04/5cab65c86b546.jpg,The Bitter Truth Nut Drops and Dashes,"Category: Spirits
Sub category: Bitters & tinctures etc.
alc./vol: 42"
https://www.diffordsguide.com/beer-wine-spirits/6243/the-bitter-truth-blossom-drops-and-dashes,https://cdn.diffords.com/contrib/bws/2019/04/5cab6678f02c2.jpg,The Bitter Truth Blossom Drops and Dashes,"Category: Spirits
Sub category: Bitters & tinctures etc.
alc./vol: 42"
https://www.diffordsguide.com/beer-wine-spirits/6245/the-bitter-truth-jerry-thomas-bitters,https://cdn.diffords.com/contrib/bws/2019/04/5cab6cc38f23d.jpg,The Bitter Truth Jerry Thomas Bitters,"Category: Spirits
Sub category: Bitters & tinctures etc.
alc./vol: 30"
https://www.diffordsguide.com/beer-wine-spirits/6251/the-bitter-truth-creole-bitters,https://cdn.diffords.com/contrib/bws/2019/04/5cab6886641e5.jpg,The Bitter Truth Creole Bitters,"Category: Spirits
Sub category: Bitters & tinctures etc.
alc./vol: 39"
https://www.diffordsguide.com/beer-wine-spirits/6430/bobs-grapefruit-bitters,https://cdn.diffords.com/contrib/bws/2021/05/60b4faea9b164.jpg,Bob's Grapefruit Bitters,"Category: Spirits
Sub category: Bitters & tinctures etc.
alc./vol: 30"
https://www.diffordsguide.com/beer-wine-spirits/6628/peychauds-barrel-aged-bitters,https://cdn.diffords.com/contrib/bws/2020/02/5e495da06e26f.jpg,Peychaud's Barrel-Aged Bitters,"Category: Spirits
Sub category: Bitters & tinctures etc.
alc./vol: 35"
https://www.diffordsguide.com/beer-wine-spirits/8326/bitter-truth-black-cherry-bitters,https://cdn.diffords.com/contrib/bws/2024/04/660e825fc6f0d.jpg,Bitter Truth Black Cherry Bitters,"Category: Spirits
Sub category: Bitters & tinctures etc.
alc./vol: 44"
https://www.diffordsguide.com/beer-wine-spirits/201/peychauds-bitters,https://cdn.diffords.com/contrib/bws/2019/03/5c7fdca4d4636.jpg,Peychaud's Bitters,"Category: Spirits
Sub category: Bitters & tinctures etc.
alc./vol: 35"
https://www.diffordsguide.com/beer-wine-spirits/899/cocktail-kingdom-wormwood-bitters,https://cdn.diffords.com/contrib/bws/2017/10/59db853334a22.jpg,Cocktail Kingdom Wormwood Bitters,"Category: Spirits
Sub category: Bitters & tinctures etc.
alc./vol: 39.6"
https://www.diffordsguide.com/beer-wine-spirits/900/cocktail-kingdom-trader-tiki-falernum-bitters,https://cdn.diffords.com/contrib/bws/2021/07/61050e98c5203.jpg,Cocktail Kingdom Trader Tiki Falernum Bitters,"Category: Spirits
Sub category: Bitters & tinctures etc.
alc./vol: 39.4"
https://www.diffordsguide.com/beer-wine-spirits/902/dr-adam-elmegirabs-aphrodite-bitters,https://cdn.diffords.com/contrib/bws/2017/10/59db853350beb.jpg,Dr. Adam Elmegirab's Aphrodite Bitters,"Category: Spirits
Sub category: Bitters & tinctures etc.
alc./vol: 38"
https://www.diffordsguide.com/beer-wine-spirits/3028/the-bitter-truth-thomas-henry-tonic-bitters,https://cdn.diffords.com/contrib/bws/2019/04/5cab72badb790.jpg,The Bitter Truth Thomas Henry Tonic Bitters,"Category: Spirits
Sub category: Bitters & tinctures etc.
alc./vol: 43"
https://www.diffordsguide.com/beer-wine-spirits/3505/angostura-orange-bitters,https://cdn.diffords.com/contrib/bws/2019/03/5c7fdd505c3c3.jpg,Angostura Orange Bitters,"Category: Spirits
Sub category: Bitters & tinctures etc.
alc./vol: 28"
https://www.diffordsguide.com/beer-wine-spirits/3507/fee-brothers-whiskey-barrel-aged-bitters,https://cdn.diffords.com/contrib/bws/2024/02/65dde0e450b0a.jpeg,Fee Brothers Whiskey Barrel Aged Bitters,"Category: Spirits
Sub category: Bitters & tinctures etc.
alc./vol: 17.5"
https://www.diffordsguide.com/beer-wine-spirits/5133/suze-aromatic-bitters,https://cdn.diffords.com/contrib/bws/2017/10/59db9a19c7487.jpg,Suze Aromatic Bitters,"Category: Spirits
Sub category: Bitters & tinctures etc.
alc./vol: 45"
https://www.diffordsguide.com/beer-wine-spirits/5135/suze-red-aromatic-bitters,https://cdn.diffords.com/contrib/bws/2017/10/59db9a1c773ed.jpg,Suze Red Aromatic Bitters,"Category: Spirits
Sub category: Bitters & tinctures etc.
alc./vol: 45"
https://www.diffordsguide.com/beer-wine-spirits/5720/black-bottle-tea-bitters,https://cdn.diffords.com/contrib/bws/2017/10/59db9ec898f4e.jpeg,Black Bottle Tea Bitters,"Category: Spirits
Sub category: Bitters & tinctures etc.
alc./vol: 45"
https://www.diffordsguide.com/beer-wine-spirits/5953/australian-bitters-barrel-spiced,https://cdn.diffords.com/contrib/bws/2017/10/59dba0f49c8e5.jpg,Australian Bitters Barrel Spiced,"Category: Spirits
Sub category: Bitters & tinctures etc.
alc./vol: 45"
https://www.diffordsguide.com/beer-wine-spirits/5954/australian-bitters-aromatic,https://cdn.diffords.com/contrib/bws/2017/10/59dba0f6be28f.jpg,Australian Bitters Aromatic,"Category: Spirits
Sub category: Bitters & tinctures etc.
alc./vol: 45"
https://www.diffordsguide.com/beer-wine-spirits/5956/australian-bitters-orange,https://cdn.diffords.com/contrib/bws/2017/10/59dba0faddd32.jpg,Australian Bitters Orange,"Category: Spirits
Sub category: Bitters & tinctures etc.
alc./vol: 45"
https://www.diffordsguide.com/beer-wine-spirits/6244/the-bitter-truth-tonic-bitters,https://cdn.diffords.com/contrib/bws/2019/04/5cab6d6915eaa.jpg,The Bitter Truth Tonic Bitters,"Category: Spirits
Sub category: Bitters & tinctures etc.
alc./vol: 43"
https://www.diffordsguide.com/beer-wine-spirits/6805/angostura-cocoa-bitters,https://cdn.diffords.com/contrib/bws/2020/10/5f86181047d3d.jpg,Angostura Cocoa Bitters,"Category: Spirits
Sub category: Bitters & tinctures etc.
alc./vol: 48"
https://www.diffordsguide.com/beer-wine-spirits/7561/seiers-aromatic-bitters,https://cdn.diffords.com/contrib/bws/2022/07/62c59e7b25964.jpg,Seiers Aromatic Bitters,"Category: Spirits
Sub category: Bitters & tinctures etc.
alc./vol: 39.5"
https://www.diffordsguide.com/beer-wine-spirits/7562/seiers-cacao-bitters,https://cdn.diffords.com/contrib/bws/2022/07/62c59ec01950a.jpg,Seiers Cacao Bitters,"Category: Spirits
Sub category: Bitters & tinctures etc.
alc./vol: 39.5"
https://www.diffordsguide.com/beer-wine-spirits/7563/seiers-coffee-bitters,https://cdn.diffords.com/contrib/bws/2022/07/62c59ed8b706d.jpg,Seiers Coffee Bitters,"Category: Spirits
Sub category: Bitters & tinctures etc.
alc./vol: 39.5"
https://www.diffordsguide.com/beer-wine-spirits/7567/seiers-lime-bitters,https://cdn.diffords.com/contrib/bws/2022/07/62c59f5491ab9.jpg,Seiers Lime Bitters,"Category: Spirits
Sub category: Bitters & tinctures etc.
alc./vol: 39.5"
https://www.diffordsguide.com/beer-wine-spirits/7571/seiers-thyme-bitters,https://cdn.diffords.com/contrib/bws/2022/08/62e939da5ecea.jpg,Seiers Thyme Bitters,"Category: Spirits
Sub category: Bitters & tinctures etc.
alc./vol: 39.5"
https://www.diffordsguide.com/beer-wine-spirits/8390/fee-brothers-toasted-almond-bitters,https://cdn.diffords.com/contrib/bws/2024/02/65dcdd90d260f.jpg,Fee Brothers Toasted Almond Bitters,"Category: Spirits
Sub category: Bitters & tinctures etc.
alc./vol: 6.6"
https://www.diffordsguide.com/beer-wine-spirits/121/fee-brothers-celery-bitters,https://cdn.diffords.com/contrib/bws/2024/02/65dde3c257eee.jpeg,Fee Brothers Celery Bitters,"Category: Spirits
Sub category: Bitters & tinctures etc.
alc./vol: 1.29"
https://www.diffordsguide.com/beer-wine-spirits/124/fee-brothers-grapefruit-bitters,https://cdn.diffords.com/contrib/bws/2024/02/65dde3067bb36.jpeg,Fee Brothers Grapefruit Bitters,"Category: Spirits
Sub category: Bitters & tinctures etc.
alc./vol:"
https://www.diffordsguide.com/beer-wine-spirits/125/fee-brothers-lemon-bitters,https://cdn.diffords.com/contrib/bws/2024/02/65dde2d7702d8.jpeg,Fee Brothers Lemon Bitters,"Category: Spirits
Sub category: Bitters & tinctures etc.
alc./vol:"
https://www.diffordsguide.com/beer-wine-spirits/128/fee-brothers-orange-bitters,https://cdn.diffords.com/contrib/bws/2024/02/65dde1c6b0203.jpeg,Fee Brothers Orange Bitters,"Category: Spirits
Sub category: Bitters & tinctures etc.
alc./vol: 9"
https://www.diffordsguide.com/beer-wine-spirits/130/fee-brothers-plum-bitters,https://cdn.diffords.com/contrib/bws/2024/02/65dde15955ec0.jpeg,Fee Brothers Plum Bitters,"Category: Spirits
Sub category: Bitters & tinctures etc.
alc./vol: 12"
https://www.diffordsguide.com/beer-wine-spirits/478/dr-adam-elmegirabs-spanish-bitters,https://cdn.diffords.com/contrib/bws/2017/10/59db82ad08063.jpg,Dr. Adam Elmegirab's Spanish Bitters,"Category: Spirits
Sub category: Bitters & tinctures etc.
alc./vol: 38"
https://www.diffordsguide.com/beer-wine-spirits/3561/woodford-reserve-spiced-cherry-bitters,https://cdn.diffords.com/contrib/bws/2017/10/59db9294b5b69.JPG,Woodford Reserve Spiced Cherry Bitters,"Category: Spirits
Sub category: Bitters & tinctures etc.
alc./vol: 45"
https://www.diffordsguide.com/beer-wine-spirits/3727/the-bitter-truth-orange-bitters,https://cdn.diffords.com/contrib/bws/2019/04/5cab71ce5b7c0.jpg,The Bitter Truth Orange Bitters,"Category: Spirits
Sub category: Bitters & tinctures etc.
alc./vol: 37.5"
https://www.diffordsguide.com/beer-wine-spirits/3876/fee-brothers-black-walnut-bitters,https://cdn.diffords.com/contrib/bws/2024/02/65dde3e987f9e.jpeg,Fee Brothers Black Walnut Bitters,"Category: Spirits
Sub category: Bitters & tinctures etc.
alc./vol: 9"
https://www.diffordsguide.com/beer-wine-spirits/5116/fee-brothers-molasses-bitters,https://cdn.diffords.com/contrib/bws/2024/02/65dde232c259e.jpeg,Fee Brothers Molasses Bitters,"Category: Spirits
Sub category: Bitters & tinctures etc.
alc./vol: 2.4"
https://www.diffordsguide.com/beer-wine-spirits/5955/australian-bitters-grapefruit,https://cdn.diffords.com/contrib/bws/2017/10/59dba0f8c0d68.jpg,Australian Bitters Grapefruit,"Category: Spirits
Sub category: Bitters & tinctures etc.
alc./vol: 45"
https://www.diffordsguide.com/beer-wine-spirits/6252/the-bitter-truth-spiced-chocolate-bitters,https://cdn.diffords.com/contrib/bws/2019/04/5cab638ec503e.jpg,The Bitter Truth Spiced Chocolate Bitters,"Category: Spirits
Sub category: Bitters & tinctures etc.
alc./vol: 44"
https://www.diffordsguide.com/beer-wine-spirits/7565/seiers-jg-bokers-tribute-bitters,https://cdn.diffords.com/contrib/bws/2022/07/62c59f0d31e4d.jpg,Seiers J.G. Bökers Tribute Bitters,"Category: Spirits
Sub category: Bitters & tinctures etc.
alc./vol: 39.5"
https://www.diffordsguide.com/beer-wine-spirits/7566/seiers-lemon-bitters,https://cdn.diffords.com/contrib/bws/2022/07/62c59f3dd49b6.jpg,Seiers Lemon Bitters,"Category: Spirits
Sub category: Bitters & tinctures etc.
alc./vol: 39.5"
https://www.diffordsguide.com/beer-wine-spirits/7568/seiers-liquorice-bitters,https://cdn.diffords.com/contrib/bws/2022/07/62c59f89c8f81.jpg,Seiers Liquorice Bitters,"Category: Spirits
Sub category: Bitters & tinctures etc.
alc./vol: 39.5"
https://www.diffordsguide.com/beer-wine-spirits/7569/seiers-orange-bitters,https://cdn.diffords.com/contrib/bws/2022/07/62c59f240bc89.jpg,Seiers Orange Bitters,"Category: Spirits
Sub category: Bitters & tinctures etc.
alc./vol: 39.5"
https://www.diffordsguide.com/beer-wine-spirits/7570/seiers-rosemary-bitters,https://cdn.diffords.com/contrib/bws/2022/07/62c5a02622e35.jpg,Seiers Rosemary Bitters,"Category: Spirits
Sub category: Bitters & tinctures etc.
alc./vol: 39.5"
https://www.diffordsguide.com/beer-wine-spirits/8152/fee-brothers-turkish-tobacco-bitters,https://cdn.diffords.com/contrib/bws/2023/09/650836d52d109.jpg,Fee Brothers Turkish Tobacco Bitters,"Category: Spirits
Sub category: Bitters & tinctures etc.
alc./vol: 2.55"
https://www.diffordsguide.com/beer-wine-spirits/122/fee-brothers-cherry-bitters,https://cdn.diffords.com/contrib/bws/2024/02/65dde398d2348.jpeg,Fee Brothers Cherry Bitters,"Category: Spirits
Sub category: Bitters & tinctures etc.
alc./vol: 4.8"
https://www.diffordsguide.com/beer-wine-spirits/780/dr-adam-elmegirabs-bokers-bitters,https://cdn.diffords.com/contrib/bws/2017/10/59db846c6e102.jpg,Dr. Adam Elmegirab's Boker's Bitters,"Category: Spirits
Sub category: Bitters & tinctures etc.
alc./vol: 30"
https://www.diffordsguide.com/beer-wine-spirits/3729/the-bitter-truth-lemon-bitters,https://cdn.diffords.com/contrib/bws/2019/04/5cab70e6c6d9d.jpg,The Bitter Truth Lemon Bitters,"Category: Spirits
Sub category: Bitters & tinctures etc.
alc./vol: 37.5"
https://www.diffordsguide.com/beer-wine-spirits/3730/the-bitter-truth-orange-flower-water,https://cdn.diffords.com/contrib/bws/2019/04/5cab704e1b1df.jpg,The Bitter Truth Orange Flower Water,"Category: Spirits
Sub category: Bitters & tinctures etc.
alc./vol: 37.5"
https://www.diffordsguide.com/beer-wine-spirits/7560/seiers-allspice-bitters,https://cdn.diffords.com/contrib/bws/2022/07/62c59e5b88096.jpg,Seiers Allspice Bitters,"Category: Spirits
Sub category: Bitters & tinctures etc.
alc./vol: 39.5"
https://www.diffordsguide.com/beer-wine-spirits/7564/seiers-grapefruit-bitters,https://cdn.diffords.com/contrib/bws/2022/07/62c59ef40bef1.jpg,Seiers Grapefruit Bitters,"Category: Spirits
Sub category: Bitters & tinctures etc.
alc./vol: 39.5"
https://www.diffordsguide.com/beer-wine-spirits/901/cocktail-kingdom-coffee-bitters,https://cdn.diffords.com/contrib/bws/2020/06/5ef0c45dac623.jpg,Cocktail Kingdom Coffee Bitters,"Category: Spirits
Sub category: Bitters & tinctures etc.
alc./vol: 38.9"
https://www.diffordsguide.com/beer-wine-spirits/3728/the-bitter-truth-old-time-aromatic-bitters,https://cdn.diffords.com/contrib/bws/2019/04/5cab6fe47f0f0.jpg,The Bitter Truth Old Time Aromatic Bitters,"Category: Spirits
Sub category: Bitters & tinctures etc.
alc./vol: 37.5"
https://www.diffordsguide.com/beer-wine-spirits/5367/bitter-truth-cucumber-bitters,https://cdn.diffords.com/contrib/bws/2020/02/5e493553b0823.jpg,Bitter Truth Cucumber Bitters,"Category: Spirits
Sub category: Bitters & tinctures etc.
alc./vol: 39"
https://www.diffordsguide.com/beer-wine-spirits/2956/the-bitter-truth-celery-bitters,https://cdn.diffords.com/contrib/bws/2017/10/59db8f022b6eb.jpg,The Bitter Truth Celery Bitters,"Category: Spirits
Sub category: Bitters & tinctures etc.
alc./vol: 1.29"
https://www.diffordsguide.com/beer-wine-spirits/120/fee-brothers-chocolate-bitters,https://cdn.diffords.com/contrib/bws/2024/02/65dde37691fb5.jpeg,Fee Brothers Chocolate Bitters,"Category: Spirits
Sub category: Bitters & tinctures etc.
alc./vol:"
https://www.diffordsguide.com/beer-wine-spirits/123/fee-brothers-cranberry-bitters,https://cdn.diffords.com/contrib/bws/2024/02/65dde33f01f3d.jpeg,Fee Brothers Cranberry Bitters,"Category: Spirits
Sub category: Bitters & tinctures etc.
alc./vol: 1.29"
https://www.diffordsguide.com/beer-wine-spirits/126/fee-brothers-mint-bitters,https://cdn.diffords.com/contrib/bws/2024/02/65dde25b07aae.jpeg,Fee Brothers Mint Bitters,"Category: Spirits
Sub category: Bitters & tinctures etc.
alc./vol: 35.8"
https://www.diffordsguide.com/beer-wine-spirits/127/fee-brothers-old-fashion-bitters,https://cdn.diffords.com/contrib/bws/2024/02/65dde1fb3bc62.jpeg,Fee Brothers Old Fashion Bitters,"Category: Spirits
Sub category: Bitters & tinctures etc.
alc./vol: 17.5"
https://www.diffordsguide.com/beer-wine-spirits/129/fee-brothers-peach-bitters,https://cdn.diffords.com/contrib/bws/2024/02/65dde18bc8303.jpeg,Fee Brothers Peach Bitters,"Category: Spirits
Sub category: Bitters & tinctures etc.
alc./vol: 1.7"
https://www.diffordsguide.com/beer-wine-spirits/1985/fee-brothers-rhubarb-bitters,https://cdn.diffords.com/contrib/bws/2024/02/65dde128d3e56.jpeg,Fee Brothers Rhubarb Bitters,"Category: Spirits
Sub category: Bitters & tinctures etc.
alc./vol: 4.5"
https://www.diffordsguide.com/beer-wine-spirits/2288/bittermens-xocolatl-mole-bitters,https://cdn.diffords.com/contrib/bws/2017/10/59db8c0a5b029.jpg,Bittermens Xocolatl Mole Bitters,"Category: Spirits
Sub category: Bitters & tinctures etc.
alc./vol: 53"
https://www.diffordsguide.com/beer-wine-spirits/2289/bittermens-hopped-grapefruit-bitters,https://cdn.diffords.com/contrib/bws/2017/10/59db8c0b3e4eb.jpg,Bittermens Hopped Grapefruit Bitters,"Category: Spirits
Sub category: Bitters & tinctures etc.
alc./vol: 53"
https://www.diffordsguide.com/beer-wine-spirits/2290/bittermens-elemakule-tiki-bitters,https://cdn.diffords.com/contrib/bws/2017/10/59db8c0c5219a.jpg,Bittermens Elemakule Tiki Bitters,"Category: Spirits
Sub category: Bitters & tinctures etc.
alc./vol: 44"
https://www.diffordsguide.com/beer-wine-spirits/2291/bittermens-boston-bittahs,https://cdn.diffords.com/contrib/bws/2017/10/59db8c0d31d6f.jpg,Bittermens Boston Bittahs,"Category: Spirits
Sub category: Bitters & tinctures etc.
alc./vol: 44"
https://www.diffordsguide.com/beer-wine-spirits/2292/bittermens-burlesque-bitters,https://cdn.diffords.com/contrib/bws/2017/10/59db8c0e1c9d6.jpg,Bittermens Burlesque Bitters,"Category: Spirits
Sub category: Bitters & tinctures etc.
alc./vol: 44"
https://www.diffordsguide.com/beer-wine-spirits/2293/bittermens-orange-cream-citrate,https://cdn.diffords.com/contrib/bws/2017/10/59db8c0ed851a.jpg,Bittermens Orange Cream Citrate,"Category: Spirits
Sub category: Bitters & tinctures etc.
alc./vol: 44"
https://www.diffordsguide.com/beer-wine-spirits/2294/bittermens-hellfire-habanero-shrub,https://cdn.diffords.com/contrib/bws/2017/10/59db8c0fb47f2.jpg,Bittermens Hellfire Habanero Shrub,"Category: Spirits
Sub category: Bitters & tinctures etc.
alc./vol: 44"
https://www.diffordsguide.com/beer-wine-spirits/2295/bittermens-orchard-street-celery-shrub,https://cdn.diffords.com/contrib/bws/2017/10/59db8c107dcff.jpg,Bittermens Orchard Street Celery Shrub,"Category: Spirits
Sub category: Bitters & tinctures etc.
alc./vol: 44"
https://www.diffordsguide.com/beer-wine-spirits/5717/lejay-cassis-bitters,https://cdn.diffords.com/contrib/bws/2017/10/59db9ec769b65.jpg,Lejay Cassis Bitters,"Category: Spirits
Sub category: Bitters & tinctures etc.
alc./vol: 39"
https://www.diffordsguide.com/beer-wine-spirits/5783/dr-a-elmegirabs-dandelion-and-burdock-bitters,https://cdn.diffords.com/contrib/bws/2017/10/59db9f3ec66a1.jpg,Dr A. Elmegirab's Dandelion & Burdock Bitters,"Category: Spirits
Sub category: Bitters & tinctures etc.
alc./vol: 42"
https://www.diffordsguide.com/beer-wine-spirits/6241/the-bitter-truth-wood-drops-and-dashes,https://cdn.diffords.com/contrib/bws/2019/04/5cab6e389220e.jpg,The Bitter Truth Wood Drops and Dashes,"Category: Spirits
Sub category: Bitters & tinctures etc.
alc./vol: 42"
https://www.diffordsguide.com/beer-wine-spirits/6246/the-bitter-truth-peach-bitters,https://cdn.diffords.com/contrib/bws/2019/04/5cab6c2ee174a.jpg,The Bitter Truth Peach Bitters,"Category: Spirits
Sub category: Bitters & tinctures etc.
alc./vol: 39"
https://www.diffordsguide.com/beer-wine-spirits/6249/the-bitter-truth-grapefruit-bitters,https://cdn.diffords.com/contrib/bws/2019/04/5cab69ee74ead.jpg,The Bitter Truth Grapefruit Bitters,"Category: Spirits
Sub category: Bitters & tinctures etc.
alc./vol: 44"
https://www.diffordsguide.com/beer-wine-spirits/6458/fee-brothers-lime-bitters,https://cdn.diffords.com/contrib/bws/2023/11/655f754c7d1a7.jpg,Fee Brothers Lime Bitters,"Category: Spirits
Sub category: Bitters & tinctures etc.
alc./vol: 21.1"
https://www.diffordsguide.com/beer-wine-spirits/6778/bittermens-winter-melon-bitters,https://cdn.diffords.com/contrib/bws/2020/10/5f76c5e2b08f9.jpg,Bittermens Winter Melon Bitters,"Category: Spirits
Sub category: Bitters & tinctures etc.
alc./vol: 45"
https://www.diffordsguide.com/beer-wine-spirits/6919/stirrings-blood-orange-bitters,https://cdn.diffords.com/contrib/bws/2021/01/6015ae0656ee3.jpg,Stirrings Blood Orange Bitters,"Category: Spirits
Sub category: Bitters & tinctures etc.
alc./vol: 0"
https://www.diffordsguide.com/beer-wine-spirits/6924/scrappys-lavender-bitters,https://cdn.diffords.com/contrib/bws/2021/01/6016eee84a562.jpg,Scrappy's Lavender bitters,"Category: Spirits
Sub category: Bitters & tinctures etc.
alc./vol: 50.8"
https://www.diffordsguide.com/beer-wine-spirits/6925/scrappys-celery-bitters,https://cdn.diffords.com/contrib/bws/2021/01/6016f1b0122cc.jpeg,Scrappy's Celery Bitters,"Category: Spirits
Sub category: Bitters & tinctures etc.
alc./vol: 51"
https://www.diffordsguide.com/beer-wine-spirits/6926/scrappys-grapefruit-bitters,https://cdn.diffords.com/contrib/bws/2021/01/6016f3da3da1b.jpg,Scrappy's Grapefruit Bitters,"Category: Spirits
Sub category: Bitters & tinctures etc.
alc./vol: 45"
https://www.diffordsguide.com/beer-wine-spirits/6937/woodford-reserve-orange-bitters,https://cdn.diffords.com/contrib/bws/2021/02/6023024d70d2d.jpg,Woodford Reserve Orange Bitters,"Category: Spirits
Sub category: Bitters & tinctures etc.
alc./vol: 44"
https://www.diffordsguide.com/beer-wine-spirits/6940/-mystic-caravan-smokey-pear-bitters,https://cdn.diffords.com/contrib/bws/2021/02/602941febe0e0.jpg,Mystic Caravan Smokey Pear Bitters,"Category: Spirits
Sub category: Bitters & tinctures etc.
alc./vol: 38"
https://www.diffordsguide.com/beer-wine-spirits/6965/cecil-and-merl-turmeric-bitters,https://cdn.diffords.com/contrib/bws/2021/03/604899005e46b.jpg,Cecil & Merl Turmeric Bitters,"Category: Spirits
Sub category: Bitters & tinctures etc.
alc./vol: 58"
https://www.diffordsguide.com/beer-wine-spirits/6966/hella-apple-blossom-bitters,https://cdn.diffords.com/contrib/bws/2021/03/6048d0a1372ae.jpg,Hella Apple Blossom Bitters,"Category: Spirits
Sub category: Bitters & tinctures etc.
alc./vol: 45"
https://www.diffordsguide.com/beer-wine-spirits/6982/scrappys-bitters-firewater-tincture,https://cdn.diffords.com/contrib/bws/2021/03/6059b6ab4b34f.jpg,Scrappy's Bitters Firewater Tincture,"Category: Spirits
Sub category: Bitters & tinctures etc.
alc./vol: 44.3"
https://www.diffordsguide.com/beer-wine-spirits/7198/el-guapo-chicory-pecan-bitters,https://cdn.diffords.com/contrib/bws/2021/10/617db24175720.jpg,El Guapo Chicory Pecan Bitters,"Category: Spirits
Sub category: Bitters & tinctures etc.
alc./vol:"
https://www.diffordsguide.com/beer-wine-spirits/7098/dillons-small-batch-hot-pepper-bitters,https://cdn.diffords.com/contrib/bws/2021/07/60fbe375c7d66.png,Dillon's Small Batch Hot Pepper Bitters,"Category: Spirits
Sub category: Bitters & tinctures etc.
alc./vol: 50"
https://www.diffordsguide.com/beer-wine-spirits/7141/dashfire-old-fashioned-bitters,https://cdn.diffords.com/contrib/bws/2021/09/61334d72f2e99.jpg,Dashfire Old Fashioned Bitters,"Category: Spirits
Sub category: Bitters & tinctures etc.
alc./vol: 40"
https://www.diffordsguide.com/beer-wine-spirits/7181/king-floyds-cardamom-bitters,https://cdn.diffords.com/contrib/bws/2021/10/615b30f061ae9.jpg,King Floyd's Cardamom Bitters,"Category: Spirits
Sub category: Bitters & tinctures etc.
alc./vol: 45"
https://www.diffordsguide.com/beer-wine-spirits/7199/el-guapo-holiday-pie-bitters,https://cdn.diffords.com/contrib/bws/2021/10/617db44fe4ebc.jpg,El Guapo Holiday Pie Bitters,"Category: Spirits
Sub category: Bitters & tinctures etc.
alc./vol:"
https://www.diffordsguide.com/beer-wine-spirits/7235/bittered-sling-moondog-bitters,https://cdn.diffords.com/contrib/bws/2021/12/61bf82d1e4716.jpg,Bittered Sling Moondog Bitters,"Category: Spirits
Sub category: Bitters & tinctures etc.
alc./vol: 40"
https://www.diffordsguide.com/beer-wine-spirits/7236/bittered-sling-plum-and-rootbeer-bitters,https://cdn.diffords.com/contrib/bws/2021/12/61c0e8be9309f.jpg,Bittered Sling Plum & Rootbeer Bitters,"Category: Spirits
Sub category: Bitters & tinctures etc.
alc./vol: 40"
https://www.diffordsguide.com/beer-wine-spirits/7242/bittermens-krupnik-herbal-honey-cocktail-bitters,https://cdn.diffords.com/contrib/bws/2021/12/61c9eab007035.jpg,Bittermens Krupnik Herbal Honey Cocktail Bitters,"Category: Spirits
Sub category: Bitters & tinctures etc.
alc./vol: 45"
https://www.diffordsguide.com/beer-wine-spirits/7246/the-bitter-truth-essence-of-cuba-honey-bitters,https://cdn.diffords.com/contrib/bws/2021/12/61cb666922f82.jpg,The Bitter Truth Essence Of Cuba Honey Bitters,"Category: Spirits
Sub category: Bitters & tinctures etc.
alc./vol: 25"
https://www.diffordsguide.com/beer-wine-spirits/7252/scrappys-black-lemon-bitters,https://cdn.diffords.com/contrib/bws/2022/01/61dacc2e7697d.jpg,Scrappy's Black Lemon Bitters,"Category: Spirits
Sub category: Bitters & tinctures etc.
alc./vol: 49"
https://www.diffordsguide.com/beer-wine-spirits/7299/scrappys-aromatic-bitters,https://cdn.diffords.com/contrib/bws/2022/01/61ec31a123d84.jpg,Scrappy's Aromatic Bitters,"Category: Spirits
Sub category: Bitters & tinctures etc.
alc./vol: 47"
https://www.diffordsguide.com/beer-wine-spirits/7386/-el-guapo-cuban-bitters,https://cdn.diffords.com/contrib/bws/2022/02/62188ff3bc47d.jpg,El Guapo Cuban Bitters,"Category: Spirits
Sub category: Bitters & tinctures etc.
alc./vol:"
https://www.diffordsguide.com/beer-wine-spirits/7435/el-guapo-fuego-bitters,https://cdn.diffords.com/contrib/bws/2022/03/62372b3235086.jpg,El Guapo Fuego Bitters,"Category: Spirits
Sub category: Bitters & tinctures etc.
alc./vol:"
https://www.diffordsguide.com/beer-wine-spirits/7445/bittered-sling-kensington,https://cdn.diffords.com/contrib/bws/2022/03/623c8a411cafa.jpg,Bittered Sling Kensington,"Category: Spirits
Sub category: Bitters & tinctures etc.
alc./vol: 40"
https://www.diffordsguide.com/beer-wine-spirits/7555/-mr-bitters-fig-and-cinnamon-bitters,https://cdn.diffords.com/contrib/bws/2022/06/62bc89ffb15d7.jpg,Mr Bitters Fig and Cinnamon Bitters,"Category: Spirits
Sub category: Bitters & tinctures etc.
alc./vol: 40"
https://www.diffordsguide.com/beer-wine-spirits/7630/santan-sweet-cherry-bitters,https://cdn.diffords.com/contrib/bws/2022/08/63067510e2455.jpg,SanTan Sweet Cherry Bitters,"Category: Spirits
Sub category: Bitters & tinctures etc.
alc./vol: 29"
https://www.diffordsguide.com/beer-wine-spirits/7648/bittermens-new-england-spiced-cranberry,https://cdn.diffords.com/contrib/bws/2022/09/6317b0a720c05.jpg,Bittermens New England Spiced Cranberry,"Category: Spirits
Sub category: Bitters & tinctures etc.
alc./vol: 45"
https://www.diffordsguide.com/beer-wine-spirits/7658/de-kuyper-cocoa-bitters,https://cdn.diffords.com/contrib/bws/2022/09/632202bc7cbc1.jpg,De Kuyper Cocoa Bitters,"Category: Spirits
Sub category: Bitters & tinctures etc.
alc./vol: 49"
https://www.diffordsguide.com/beer-wine-spirits/7740/king-floyds-scorched-pear-and-ginger-bitters,https://cdn.diffords.com/contrib/bws/2022/11/63697ea90aff9.jpg,King Floyd's Scorched Pear & Ginger Bitters,"Category: Spirits
Sub category: Bitters & tinctures etc.
alc./vol: 45"
https://www.diffordsguide.com/beer-wine-spirits/7741/dashfire-cinnamon-cocktail-bitters,https://cdn.diffords.com/contrib/bws/2022/11/6369818d51c47.jpg,Dashfire Cinnamon Cocktail Bitters,"Category: Spirits
Sub category: Bitters & tinctures etc.
alc./vol: 38"
https://www.diffordsguide.com/beer-wine-spirits/7841/scrappys-chocolate-bitter,https://cdn.diffords.com/contrib/bws/2023/02/63eea295345e8.jpg,Scrappy's Chocolate Bitter,"Category: Spirits
Sub category: Bitters & tinctures etc.
alc./vol: 47.6"
https://www.diffordsguide.com/beer-wine-spirits/7915/king-floyds-green-chili-bitters,https://cdn.diffords.com/contrib/bws/2023/04/64302acc08435.jpg,King Floyd's Green Chili Bitters,"Category: Spirits
Sub category: Bitters & tinctures etc.
alc./vol: 45"
https://www.diffordsguide.com/beer-wine-spirits/7933/1821-earl-gray-bitters,https://cdn.diffords.com/contrib/bws/2023/04/643f0afb594a9.jpg,1821 Earl Gray Bitters,"Category: Spirits
Sub category: Bitters & tinctures etc.
alc./vol: 28"
https://www.diffordsguide.com/beer-wine-spirits/7948/bittermens-scarborough-bitters,https://cdn.diffords.com/contrib/bws/2023/04/644ec441b4db0.jpg,Bittermen's Scarborough bitters,"Category: Spirits
Sub category: Bitters & tinctures etc.
alc./vol: 45"
https://www.diffordsguide.com/beer-wine-spirits/8054/bennett-bermuda-bitters,https://cdn.diffords.com/contrib/bws/2023/07/64a72fbcf0b03.jpg,Bennett Bermuda Bitters,"Category: Spirits
Sub category: Bitters & tinctures etc.
alc./vol: 40"
https://www.diffordsguide.com/beer-wine-spirits/8058/bittercube-chipotle-cacao-bitters,https://cdn.diffords.com/contrib/bws/2023/07/64b2ab93ecc19.jpg,Bittercube Chipotle Cacao Bitters,"Category: Spirits
Sub category: Bitters & tinctures etc.
alc./vol: 47"
https://www.diffordsguide.com/beer-wine-spirits/8064/scrappys-bitters-orleans,https://cdn.diffords.com/contrib/bws/2023/07/64bdb0fbd7f57.jpg,Scrappy's Bitters Orleans,"Category: Spirits
Sub category: Bitters & tinctures etc.
alc./vol: 47"
https://www.diffordsguide.com/beer-wine-spirits/8086/dashfire-mission-fig-and-fennel-bitters,https://cdn.diffords.com/contrib/bws/2023/08/64cc0d93a477b.jpg,Dashfire Mission Fig & Fennel Bitters,"Category: Spirits
Sub category: Bitters & tinctures etc.
alc./vol: 39"
https://www.diffordsguide.com/beer-wine-spirits/8087/king-floyds-cherry-cacao-bitters,https://cdn.diffords.com/contrib/bws/2023/08/64cc10bbe0255.jpg,King Floyd's Cherry Cacao Bitters,"Category: Spirits
Sub category: Bitters & tinctures etc.
alc./vol: 45"
https://www.diffordsguide.com/beer-wine-spirits/8088/pecan-proof-bitters,https://cdn.diffords.com/contrib/bws/2023/08/64ccc4520df02.jpg,Pecan Proof Bitters,"Category: Spirits
Sub category: Bitters & tinctures etc.
alc./vol:"
https://www.diffordsguide.com/beer-wine-spirits/8089/coconut-pineapple-proof-bitters,https://cdn.diffords.com/contrib/bws/2023/08/64ccc4a250401.jpg,Coconut-Pineapple Proof Bitters,"Category: Spirits
Sub category: Bitters & tinctures etc.
alc./vol:"
https://www.diffordsguide.com/beer-wine-spirits/8100/woodford-reserve-sassafras-and-sorghum-bitters,https://cdn.diffords.com/contrib/bws/2023/08/64db61b7416a7.jpg,Woodford Reserve Sassafras & Sorghum Bitters,"Category: Spirits
Sub category: Bitters & tinctures etc.
alc./vol: 45"
https://www.diffordsguide.com/beer-wine-spirits/8101/critters-distillery-original-bitters,https://cdn.diffords.com/contrib/bws/2023/08/64db64c4a23e5.jpg,Critters Distillery Original Bitters,"Category: Spirits
Sub category: Bitters & tinctures etc.
alc./vol: 37"
https://www.diffordsguide.com/beer-wine-spirits/8109/bittered-sling-grapefruit-and-hops-bitters,https://cdn.diffords.com/contrib/bws/2023/08/64dcdadc12d8d.jpg,Bittered Sling Grapefruit & Hops Bitters,"Category: Spirits
Sub category: Bitters & tinctures etc.
alc./vol: 40"
https://www.diffordsguide.com/beer-wine-spirits/8128/el-guapo-polynesian-kiss-bitters,https://cdn.diffords.com/contrib/bws/2023/08/64ef587cf3835.jpg,El Guapo Polynesian Kiss Bitters,"Category: Spirits
Sub category: Bitters & tinctures etc.
alc./vol: 0"
https://www.diffordsguide.com/beer-wine-spirits/8187/pink-house-alchemy-smoldered-bitters,https://cdn.diffords.com/contrib/bws/2023/10/6526b3f7b1729.jpg,Pink House Alchemy Smoldered Bitters,"Category: Spirits
Sub category: Bitters & tinctures etc.
alc./vol:"
https://www.diffordsguide.com/beer-wine-spirits/8257/bitters-lab-apricot-vanilla-barrel-aged-bitters,https://cdn.diffords.com/contrib/bws/2023/12/6578c28862348.jpeg,Bitters Lab Apricot Vanilla Barrel-Aged Bitters,"Category: Spirits
Sub category: Bitters & tinctures etc.
alc./vol:"
https://www.diffordsguide.com/beer-wine-spirits/8258/dashfire-vintage-orange-bourbon-barrel-aged-bitter,https://cdn.diffords.com/contrib/bws/2023/12/6578c514af881.jpg,Dashfire Vintage Orange Bourbon Barrel-Aged Bitter,"Category: Spirits
Sub category: Bitters & tinctures etc.
alc./vol: 41"
https://www.diffordsguide.com/beer-wine-spirits/8259/fee-brothers-cardamom-bitters,https://cdn.diffords.com/contrib/bws/2023/12/657acd2655f77.jpg,Fee Brothers Cardamom Bitters,"Category: Spirits
Sub category: Bitters & tinctures etc.
alc./vol: 8.41"
https://www.diffordsguide.com/beer-wine-spirits/8291/crude-no-no-sweet-and-spicy-pepper-bitters,https://cdn.diffords.com/contrib/bws/2023/12/65904a88ef353.jpg,Crude 'No No' Sweet and Spicy Pepper Bitters,"Category: Spirits
Sub category: Bitters & tinctures etc.
alc./vol: 50"
https://www.diffordsguide.com/beer-wine-spirits/8292/bittercube-trinity-bitters,https://cdn.diffords.com/contrib/bws/2023/12/658eebaeba2ca.jpg,Bittercube Trinity Bitters,"Category: Spirits
Sub category: Bitters & tinctures etc.
alc./vol: 40"
https://www.diffordsguide.com/beer-wine-spirits/8297/bittermens-transatlantic-modern-aromatic-bitters,https://cdn.diffords.com/contrib/bws/2023/12/658ef5fe4fe88.jpg,Bittermens Transatlantic Modern Aromatic Bitters,"Category: Spirits
Sub category: Bitters & tinctures etc.
alc./vol: 45"
https://www.diffordsguide.com/beer-wine-spirits/8358/bittercube-blackstrap-bitters,https://cdn.diffords.com/contrib/bws/2024/02/65c234c189069.jpg,Bittercube Blackstrap Bitters,"Category: Spirits
Sub category: Bitters & tinctures etc.
alc./vol: 28"
https://www.diffordsguide.com/beer-wine-spirits/8375/the-japanese-bitters-umami,https://cdn.diffords.com/contrib/bws/2024/02/65da1bce3318f.jpg,The Japanese Bitters Umami,"Category: Spirits
Sub category: Bitters & tinctures etc.
alc./vol: 27"
https://www.diffordsguide.com/beer-wine-spirits/8378/fee-brothers-habanero-bitters,https://cdn.diffords.com/contrib/bws/2024/02/65da29d3c1b1a.jpg,Fee Brothers Habanero Bitters,"Category: Spirits
Sub category: Bitters & tinctures etc.
alc./vol: 7.1"
https://www.diffordsguide.com/beer-wine-spirits/8382/malidea-mirto-bitters,https://cdn.diffords.com/contrib/bws/2024/02/65dcb696026ec.jpg,Malidea Mirto Bitters,"Category: Spirits
Sub category: Bitters & tinctures etc.
alc./vol: 47"
https://www.diffordsguide.com/beer-wine-spirits/8391/fee-brothers-mole-bitters,https://cdn.diffords.com/contrib/bws/2024/02/65ddf4dd5b0d1.jpg,Fee Brothers Mole Bitters,"Category: Spirits
Sub category: Bitters & tinctures etc.
alc./vol:"
https://www.diffordsguide.com/beer-wine-spirits/8408/bittercube-jamaican-no-1-bitters,https://cdn.diffords.com/contrib/bws/2024/03/65e46901ed6ff.jpg,Bittercube Jamaican No. 1 Bitters,"Category: Spirits
Sub category: Bitters & tinctures etc.
alc./vol: 53"
https://www.diffordsguide.com/beer-wine-spirits/8425/ms-betters-pineapple-and-star-anise-bitters,https://cdn.diffords.com/contrib/bws/2024/03/65f079467336c.jpg,Ms. Better's Pineapple and Star Anise Bitters,"Category: Spirits
Sub category: Bitters & tinctures etc.
alc./vol: 35"
https://www.diffordsguide.com/beer-wine-spirits/8428/bitters-lab-habanero-lime-bitters,https://cdn.diffords.com/contrib/bws/2024/03/65f2d069d7c7d.jpg,Bitters Lab Habanero Lime Bitters,"Category: Spirits
Sub category: Bitters & tinctures etc.
alc./vol: 45"
https://www.diffordsguide.com/beer-wine-spirits/8477/bittercube-bolivar-bitters,https://cdn.diffords.com/contrib/bws/2024/03/6604f73d88f5d.jpg,Bittercube Bolivar Bitters,"Category: Spirits
Sub category: Bitters & tinctures etc.
alc./vol: 44"
https://www.diffordsguide.com/beer-wine-spirits/8499/infuse-cassia-bark-bitters,https://cdn.diffords.com/contrib/bws/2024/04/661182899d4b6.jpg,Infuse Cassia Bark Bitters,"Category: Spirits
Sub category: Bitters & tinctures etc.
alc./vol: 45"
https://www.diffordsguide.com/beer-wine-spirits/8505/droplets-sweet-violets,https://cdn.diffords.com/contrib/bws/2024/04/661a4e018db83.jpg,Droplets Sweet Violets,"Category: Spirits
Sub category: Bitters & tinctures etc.
alc./vol: 0"
https://www.diffordsguide.com/beer-wine-spirits/8555/the-japanese-bitters-sakura,https://cdn.diffords.com/contrib/bws/2024/04/662f81676ee20.jpg,The Japanese Bitters Sakura,"Category: Spirits
Sub category: Bitters & tinctures etc.
alc./vol: 27"
https://www.diffordsguide.com/beer-wine-spirits/8984/ms-betters-smoke-and-oak-bitters,https://cdn.diffords.com/contrib/bws/2024/05/6648974a956b7.jpg,Ms. Better's Smoke & Oak Bitters,"Category: Spirits
Sub category: Bitters & tinctures etc.
alc./vol: 40"
